,resume_act1,resume_act2,resume_act3,resume_act4,resume_act5,resume_pred1,resume_pred2,resume_pred3,resume_pred4,resume_pred5
NAME,Jebacerin.L,Shaniba M,Sailesh Earath Krishnan,Rajesh M ,"Mohanapriya Meganathan
",,,['1    '],['Rajesh M'],['Mohanapriya Meganathan             ']
DEGREE,ME,BTech,MCA,MCA,BE,"Exposure in JavaScript,JQuery,","['B-tech graduate with 3+ year experience in web applications and hybrid', 'B-TECH, COLLEGE OF ENGINEERING VADAKARA (ENGG.COLLEGE UNDER CAPE- ESTD BY GOVT OF KERALA) KOZHIKODE', 'Mothers Name: Beena M']",['B.Sc. Mathematics'],['7 members       Role'],"['T.J.S Engineering College, Chennai', 'HSC', 'SQL']"
DESIGNATION,Software Engineer,Software Developer,Graphics Designer,,Lead Engineer,●,,['Sailesh Earath Krishnan'],,['Associate Software Engineer']
SKILLS,"C#.NET, ASP.NET, .NET Framework 4.5,WPF, XML, WebServices, Web API, OOPS Concepts,jQuery,Angular1,Exposure in JavaScript,JQuery, HTML, Proficient in VS.2015, SQL Server 2014, IIS ExpresS","ANGULAR 2 AND ABOVE (ANGULAR 8 CURRENTLY WORKING), TYPESCRIPT, IONIC 3, JAVASCRIPT, 
HTML 5, CSS 3, C, C++, REACT JS(OVERVIEW), PYTHON(OVERVIEW), SOFTWARE TESTING(MANUAL),OPERATING SYSTEMS: WINDOWS 10, WINDOWS 7, WINDOWS 8, LINUX, UBUNTU, MATLAB, PLC SCADA, OVER VIEW: MS OFFICE, MS EXCEL, MS OUTLOOK.","Front-end development using HTML, CSS and jQuery., Responsive Html conversion using Bootstrap framework and media queries., Template Customization and content updating for WordPress and Joomla websites.,Designing digital contents using Adobe Photoshop, Illustrator, InDesign, and Ceros., Prototyping using Adobe XD, Figma, Sketch. , Wireframe design using Balsamiq., Email Marketing (Adestra, Hubspot, Sharpspring)","Programming Languages : Java ,Technologies :J2EE,Server-side Scripting : JSP, Servlet
Client-side Scripting :JavaScript, Ajax, JQuery, Frameworks : Spring, Hibernate., Scripting Languages : HTML, CSS, JavaScript, and JQuery.,Servers : Tomcat 8,Data Base : Oracle 11G., Development IDEs : Eclipse 4.6., Operating Systems : windows XP, windows 7, windows8","Programming Languages : C, C++, Scripting Languages : Python, Operating System : Windows, Linux, Database : SQL,Tools : Rational Clear quest, VNC Viewer, SVN Tortoise ",Exenta Software Pvt. Ltd (Trivandrum) – Software Engineer   (5 OCT 2015 to 26 OCT 2018)    Inspirisys Solutions Pvt Ltd (Trivandrum) – Software Engineer,"['SOFTWARE DEVELOPER, XMINDS INFOTECH PVT LTD, TRIVANDRUM  April 25th to current  Project:Datazoom  Improving the experience efficiency and profitability of streaming video requires  data.Datazoom enables video publishers to better operate distributed architeures  through centralizing ,standardizing and integrating data in real-time to create a  more data pipeline and optimize solutions  ASSOCIATE DEVELOPER, ULTS, UL CYBER PARK, CALICUT  July 2019 to February 2021  Projects:  (1) KLA-Shalabham    Page 2  Digitalization of Kerala Legislative Assembly. The Kerala Legislative assembly has  made a significant transition to the free software e-niyamasabha platform for  recording its voluminous business.  (2) TDB –Software for Travancore Devaswam Board. Software providing all the  services through online for temples under Travancore devaswam board.  (3) KLM- MUDRA-Kerala Kalamandalam-The digital revamp with the automation of  the kalamandalam office. This is the debut public institution in India deemed to be a  university of arts and culture in Kerala in the village of cheruthuruthy, Thrissur .  JR. SOFTWARE ENGINEER, EXENDUR TECHNOLOGIES PVT.LTD, KAKKANAD,  ERNAKULAM  March 2018 to July 2019  Projects:  (1) Service Marketplace (Mobile): Service utility application for E commerce  platform that connects service providers with customers who are in need of their  services. GPS is provided for tracking and selecting location-based services.  (2) Appointment system (Mobile): Medical appointment system helping patients to  get reliable, convenient and timely access to health care from anywhere in the by  connecting experienced doctors.  (3) Mobile attendance system (Mobile): Mobile Attendance powered the user to  clock in & out from anywhere using their Mobile. It uses GPS information ensuring  the right employee is at the right place to work. It offers a real-time tracking system.    SOFTWARE ENGINEER TRAINEE, RPTECH SOFT INTERNATIONAL PVT.LTD,  TECHNOPARK, TVM  September 2016 to October 2017  Project: aTrack  Internal attendance tracking application (Mobile). Daily reporting, compliance, task  logs etc.  EDUCATION    10TH, SACRED HEART GIRL’S HIGH SCHOOL – THALASSERY, SSLC BOARD,  2009 MARKS: 90%  12TH, GOVT. BRENNAN HIGHER SECONDARY SCHOOL - THALASSERY, DHSE  BOARD,  2009-2011 MARKS: 87%']","['●  Front-end development using HTML, CSS and jQuery.  ●  Responsive Html conversion using Bootstrap framework and media queries.  ●  Template Customization and content updating for WordPress and Joomla websites.  ●  Designing digital contents using Adobe Photoshop, Illustrator, InDesign, and Ceros.  ●  Prototyping using Adobe XD, Figma, Sketch.   ●  Wireframe design using Balsamiq.  ●  Email Marketing (Adestra, Hubspot, Sharpspring).  CAREER EXPERIENCE    Freelancer   UI/Graphics Designer (01/01/2019 to present).    Vtrio Solutions Pvt. Ltd.  Senior Graphics Designer (16/10/2017 to 06/12/2018).  2      Forent Infosolutions Pvt.  Ltd.  Senior Web Designer (15/07/2016 to 12/07/2017).    Wiztelsys Server Technologies Pvt. Ltd.  Senior Ui Designer (05/01/2015 to 31/12/2015).    ThinkPalm Technologies Pvt.  Ltd.  HTML Designer (05/02/2014 to 26/08/2014).    Dreeme Team Web Design Pvt. Ltd.  HTML Designer (18/04/2013 to 30/08/2013).    Magna Infotech Pvt. Ltd.  Web Developer in Wipro Pvt. Ltd. (19/12/2012 to 20/03/2013) contract job.    Bandyworks Pvt. Ltd.  Web Designer (22/12/2011 to 31/10/2012)    Antzmedia Pvt. Ltd.  Web Designer (02/04/2010 to 29/04/2011)    PROJECTS    www.alderholt-technology.co.uk']","['Volante Technology, Chennai from June 2020 to till date  \uf0b7  Ducont India Systems Private Limited, Chennai from Nov 2017 to Jan 2020.  \uf0b7  Zylog Systems Ltd, Chennai from Dec 2016 to Oct 2017.      Education', 'Servlet, Java, Oracle, JSP, JavaScript, CSS, HTML, SVN.         Project Description:    The Cheque Truncation System is mainly used for clear the customer cheques in  the daily basis. This Product mainly based on three modules called Capturing  Application, Outward, and Inward. The Capturing application is used to scanning the  customer cheques in the regular interval. After Scanning the images and corresponding  data’s of the images (in the XML format) will be stored in the specific location. After one  service will pick those files and insert into the database. Then through UI we can read the  data and verify the data’s using corresponding images. Finally the verified data’s will be  sending to RBI in XML format with in RBI cut off time. Then RBI will take those files  and will send it to the corresponding banks. This process is called outward. Second  process is inward; in this process RBI first will put the data files in the centralized server.  Our application service picks those files and parses. Then finally insert into the database.  Then Data Entry users and other admin users will check the customer’s data, signature  then finally the customer will get credit amount into their accounts. The below important  Modules and services we are using in this application.    \uf0b7 Capturing Application  \uf0b7 Outward Clearing  \uf0b7 Inward Clearing  \uf0b7 Inward and Outward Return Processing  \uf0b7 Signature Verification     Role and Responsibilities:    \uf0b7 Responsible for developing UI for the application using JSP, JavaScript, CSS.  \uf0b7 Responsible for developing Business logic and Backend coding for the  application using Java and oracle PL/SQL development  \uf0b7 Responsible for unit testing for overall project   \uf0b7 Responsible for deployment of application in Apache Tomcat                    Project 2:    Project name', 'OTP Engine (Web service) &  Back office Module (Web application)              Client     :    ADCB Bank (UAE)', 'Project name', 'Aditya Vidyashram - Residential School']","['Programming Languages :  C, C++']"
COLLEGE NAME,,COLLEGE OF ENGINEERING VADAKARA,Anna University,Jeppiaar Engineering College,T.J.S Engineering College,Banking Software,"['SOFTWARE TESTING(MANUAL)', 'Languages Known: English']","['Calicut University', 'Sailesh Earath Krishnan']",,"['Electronics and Communication Engineering', 'Got Best Performance Award in the month of Feb', 'Got Best Developer Award in the month of October', 'Got 50th University Rank in Electronics and Communication Department in Anna University']"
LOCATION,Trivandrum,,Cochin,Chennai,Chennai,,,,,
GRADUATION YEAR,,2015.0,2008.0,2015.0,2014.0,,,,['2015'],
COMPANIES WORKED AT,MSN Ltd(Trivandrum),"XMINDS INFOTECH PVT LTD, TRIVANDRUM",Freelancer,"Volante Technology, Chennai ",HCL Technologies India Private Limited,(17 JUL 2019 – Till Date)        CERTIFICATIONS    DotNet from E-VisionLab.        SKILLSET    ●,,['University'],,
